-- phpMyAdmin SQL Dump
-- version 5.2.0
-- https://www.phpmyadmin.net/
--
-- Хост: 127.0.0.1:3306
-- Время создания: Май 22 2024 г., 21:54
-- Версия сервера: 8.0.30
-- Версия PHP: 8.0.22

SET SQL_MODE = "NO_AUTO_VALUE_ON_ZERO";
START TRANSACTION;
SET time_zone = "+00:00";


/*!40101 SET @OLD_CHARACTER_SET_CLIENT=@@CHARACTER_SET_CLIENT */;
/*!40101 SET @OLD_CHARACTER_SET_RESULTS=@@CHARACTER_SET_RESULTS */;
/*!40101 SET @OLD_COLLATION_CONNECTION=@@COLLATION_CONNECTION */;
/*!40101 SET NAMES utf8mb4 */;

--
-- База данных: `OCA_Test`
--

-- --------------------------------------------------------

--
-- Структура таблицы `Admins`
--

CREATE TABLE `Admins` (
  `id` int NOT NULL,
  `login` varchar(255) NOT NULL,
  `password` longtext NOT NULL
) ENGINE=InnoDB DEFAULT CHARSET=utf8mb4 COLLATE=utf8mb4_0900_ai_ci;

--
-- Дамп данных таблицы `Admins`
--

INSERT INTO `Admins` (`id`, `login`, `password`) VALUES
(1, 'admin', '$2y$10$uYv65GFFJ5peU8A7kODs...IJVqHnmBDBMfvcU1nWLRRNFqaB10hK');

-- --------------------------------------------------------

--
-- Структура таблицы `Answers`
--

CREATE TABLE `Answers` (
  `id` int NOT NULL,
  `answer_text` varchar(255) NOT NULL,
  `question_id` int NOT NULL,
  `points` int NOT NULL
) ENGINE=InnoDB DEFAULT CHARSET=utf8mb4 COLLATE=utf8mb4_0900_ai_ci;

--
-- Дамп данных таблицы `Answers`
--

INSERT INTO `Answers` (`id`, `answer_text`, `question_id`, `points`) VALUES
(1, 'Да', 1, 2),
(2, 'Может быть', 1, 4),
(3, 'Нет', 1, 6),
(4, 'Да', 8, 2),
(5, 'Может быть', 8, 4),
(6, 'Нет', 8, 5),
(7, 'Да', 15, 3),
(8, 'Может быть', 15, 3),
(9, 'Нет', 15, 6),
(10, 'Да', 17, 2),
(11, 'Может быть', 17, 4),
(12, 'Нет', 17, 5),
(13, 'Да', 42, 5),
(14, 'Может быть', 42, 3),
(15, 'Нет', 42, 3),
(16, 'Да', 46, 3),
(17, 'Может быть', 46, 3),
(18, 'Нет', 46, 5),
(19, 'Да', 52, 3),
(20, 'Может быть', 52, 4),
(21, 'Нет', 52, 4),
(22, 'Да', 58, 6),
(23, 'Может быть', 58, 3),
(24, 'Нет', 58, 3),
(25, 'Да', 83, 3),
(26, 'Может быть', 83, 3),
(27, 'Нет', 83, 6),
(28, 'Да', 87, 3),
(29, 'Может быть', 87, 3),
(30, 'Нет', 87, 5),
(31, 'Да', 93, 5),
(32, 'Может быть', 93, 3),
(33, 'Нет', 93, 3),
(34, 'Да', 96, 6),
(35, 'Может быть', 96, 4),
(36, 'Нет', 96, 2),
(37, 'Да', 124, 2),
(38, 'Может быть', 124, 3),
(39, 'Нет', 124, 6),
(40, 'Да', 128, 3),
(41, 'Может быть', 128, 4),
(42, 'Нет', 128, 6),
(43, 'Да', 131, 5),
(44, 'Может быть', 131, 3),
(45, 'Нет', 131, 2),
(46, 'Да', 138, 5),
(47, 'Может быть', 138, 3),
(48, 'Нет', 138, 3),
(49, 'Да', 165, 6),
(50, 'Может быть', 165, 3),
(51, 'Нет', 165, 3),
(52, 'Да', 169, 2),
(53, 'Может быть', 169, 3),
(54, 'Нет', 169, 6),
(55, 'Да', 173, 6),
(56, 'Может быть', 173, 3),
(57, 'Нет', 173, 2),
(58, 'Да', 176, 2),
(59, 'Может быть', 176, 2),
(60, 'Нет', 176, 6),
(61, 'Да', 21, 2),
(62, 'Может быть', 21, 3),
(63, 'Нет', 21, 6),
(64, 'Да', 27, 5),
(65, 'Может быть', 27, 4),
(66, 'Нет', 27, 4),
(67, 'Да', 33, 6),
(68, 'Может быть', 33, 5),
(69, 'Нет', 33, 3),
(70, 'Да', 34, 3),
(71, 'Может быть', 34, 5),
(72, 'Нет', 34, 6),
(73, 'Да', 62, 5),
(74, 'Может быть', 62, 4),
(75, 'Нет', 62, 4),
(76, 'Да', 68, 6),
(77, 'Может быть', 68, 4),
(78, 'Нет', 68, 3),
(79, 'Да', 71, 3),
(80, 'Может быть', 71, 5),
(81, 'Нет', 71, 6),
(82, 'Да', 78, 2),
(83, 'Может быть', 78, 5),
(84, 'Нет', 78, 6),
(85, 'Да', 101, 5),
(86, 'Может быть', 101, 4),
(87, 'Нет', 101, 4),
(88, 'Да', 106, 2),
(89, 'Может быть', 106, 3),
(90, 'Нет', 106, 7),
(91, 'Да', 113, 6),
(92, 'Может быть', 113, 4),
(93, 'Нет', 113, 3),
(94, 'Да', 116, 6),
(95, 'Может быть', 116, 4),
(96, 'Нет', 116, 3),
(97, 'Да', 141, 2),
(98, 'Может быть', 141, 5),
(99, 'Нет', 141, 6),
(100, 'Да', 148, 3),
(101, 'Может быть', 148, 4),
(102, 'Нет', 148, 6),
(103, 'Да', 151, 2),
(104, 'Может быть', 151, 5),
(105, 'Нет', 151, 6),
(106, 'Да', 158, 5),
(107, 'Может быть', 158, 5),
(108, 'Нет', 158, 3),
(109, 'Да', 181, 3),
(110, 'Может быть', 181, 3),
(111, 'Нет', 181, 6),
(112, 'Да', 188, 2),
(113, 'Может быть', 188, 2),
(114, 'Нет', 188, 6),
(115, 'Да', 192, 2),
(116, 'Может быть', 192, 4),
(117, 'Нет', 192, 6),
(118, 'Да', 196, 2),
(119, 'Может быть', 196, 5),
(120, 'Нет', 196, 6),
(121, 'Да', 2, 6),
(122, 'Может быть', 2, 5),
(123, 'Нет', 2, 3),
(124, 'Да', 6, 3),
(125, 'Может быть', 6, 3),
(126, 'Нет', 6, 6),
(127, 'Да', 11, 3),
(128, 'Может быть', 11, 4),
(129, 'Нет', 11, 5),
(130, 'Да', 18, 2),
(131, 'Может быть', 18, 6),
(132, 'Нет', 18, 6),
(133, 'Да', 43, 4),
(134, 'Может быть', 43, 4),
(135, 'Нет', 43, 5),
(136, 'Да', 47, 2),
(137, 'Может быть', 47, 5),
(138, 'Нет', 47, 6),
(139, 'Да', 53, 3),
(140, 'Может быть', 53, 4),
(141, 'Нет', 53, 6),
(142, 'Да', 56, 5),
(143, 'Может быть', 56, 3),
(144, 'Нет', 56, 3),
(145, 'Да', 81, 6),
(146, 'Может быть', 81, 3),
(147, 'Нет', 81, 3),
(148, 'Да', 86, 2),
(149, 'Может быть', 86, 4),
(150, 'Нет', 86, 6),
(151, 'Да', 91, 3),
(152, 'Может быть', 91, 4),
(153, 'Нет', 91, 6),
(154, 'Да', 97, 5),
(155, 'Может быть', 97, 5),
(156, 'Нет', 97, 3),
(157, 'Да', 122, 3),
(158, 'Может быть', 122, 4),
(159, 'Нет', 122, 6),
(160, 'Да', 130, 3),
(161, 'Может быть', 130, 5),
(162, 'Нет', 130, 6),
(163, 'Да', 132, 2),
(164, 'Может быть', 132, 4),
(165, 'Нет', 132, 6),
(166, 'Да', 136, 3),
(167, 'Может быть', 136, 5),
(168, 'Нет', 136, 5),
(169, 'Да', 164, 5),
(170, 'Может быть', 164, 5),
(171, 'Нет', 164, 2),
(172, 'Да', 166, 3),
(173, 'Может быть', 166, 3),
(174, 'Нет', 166, 6),
(175, 'Да', 171, 3),
(176, 'Может быть', 171, 3),
(177, 'Нет', 171, 6),
(178, 'Да', 177, 6),
(179, 'Может быть', 177, 4),
(180, 'Нет', 177, 4),
(181, 'Да', 22, 1),
(182, 'Может быть', 22, 5),
(183, 'Нет', 22, 6),
(184, 'Да', 26, 2),
(185, 'Может быть', 26, 3),
(186, 'Нет', 26, 6),
(187, 'Да', 32, 2),
(188, 'Может быть', 32, 4),
(189, 'Нет', 32, 6),
(190, 'Да', 40, 2),
(191, 'Может быть', 40, 3),
(192, 'Нет', 40, 5),
(193, 'Да', 61, 2),
(194, 'Может быть', 61, 4),
(195, 'Нет', 61, 6),
(196, 'Да', 67, 2),
(197, 'Может быть', 67, 4),
(198, 'Нет', 67, 5),
(199, 'Да', 73, 2),
(200, 'Может быть', 73, 4),
(201, 'Нет', 73, 5),
(202, 'Да', 76, 1),
(203, 'Может быть', 76, 3),
(204, 'Нет', 76, 6),
(205, 'Да', 102, 2),
(206, 'Может быть', 102, 3),
(207, 'Нет', 102, 5),
(208, 'Да', 108, 3),
(209, 'Может быть', 108, 4),
(210, 'Нет', 108, 5),
(211, 'Да', 111, 2),
(212, 'Может быть', 111, 4),
(213, 'Нет', 111, 5),
(214, 'Да', 117, 3),
(215, 'Может быть', 117, 4),
(216, 'Нет', 117, 5),
(217, 'Да', 142, 1),
(218, 'Может быть', 142, 3),
(219, 'Нет', 142, 5),
(220, 'Да', 146, 1),
(221, 'Может быть', 146, 3),
(222, 'Нет', 146, 5),
(223, 'Да', 153, 2),
(224, 'Может быть', 153, 4),
(225, 'Нет', 153, 6),
(226, 'Да', 156, 6),
(227, 'Может быть', 156, 4),
(228, 'Нет', 156, 2),
(229, 'Да', 184, 3),
(230, 'Может быть', 184, 4),
(231, 'Нет', 184, 6),
(232, 'Да', 186, 1),
(233, 'Может быть', 186, 3),
(234, 'Нет', 186, 5),
(235, 'Да', 191, 1),
(236, 'Может быть', 191, 4),
(237, 'Нет', 191, 5),
(238, 'Да', 197, 2),
(239, 'Может быть', 197, 4),
(240, 'Нет', 197, 5),
(241, 'Да', 3, 6),
(242, 'Может быть', 3, 4),
(243, 'Нет', 3, 3),
(244, 'Да', 7, 3),
(245, 'Может быть', 7, 4),
(246, 'Нет', 7, 5),
(247, 'Да', 12, 2),
(248, 'Может быть', 12, 4),
(249, 'Нет', 12, 6),
(250, 'Да', 16, 3),
(251, 'Может быть', 16, 4),
(252, 'Нет', 16, 4),
(253, 'Да', 41, 6),
(254, 'Может быть', 41, 4),
(255, 'Нет', 41, 4),
(256, 'Да', 48, 3),
(257, 'Может быть', 48, 4),
(258, 'Нет', 48, 5),
(259, 'Да', 51, 5),
(260, 'Может быть', 51, 4),
(261, 'Нет', 51, 2),
(262, 'Да', 57, 5),
(263, 'Может быть', 57, 4),
(264, 'Нет', 57, 4),
(265, 'Да', 85, 6),
(266, 'Может быть', 85, 3),
(267, 'Нет', 85, 3),
(268, 'Да', 90, 3),
(269, 'Может быть', 90, 3),
(270, 'Нет', 90, 5),
(271, 'Да', 92, 3),
(272, 'Может быть', 92, 4),
(273, 'Нет', 92, 4),
(274, 'Да', 99, 2),
(275, 'Может быть', 99, 4),
(276, 'Нет', 99, 5),
(277, 'Да', 121, 4),
(278, 'Может быть', 121, 4),
(279, 'Нет', 121, 5),
(280, 'Да', 127, 5),
(281, 'Может быть', 127, 4),
(282, 'Нет', 127, 4),
(283, 'Да', 134, 4),
(284, 'Может быть', 134, 4),
(285, 'Нет', 134, 3),
(286, 'Да', 137, 3),
(287, 'Может быть', 137, 3),
(288, 'Нет', 137, 6),
(289, 'Да', 162, 6),
(290, 'Может быть', 162, 4),
(291, 'Нет', 162, 3),
(292, 'Да', 168, 6),
(293, 'Может быть', 168, 4),
(294, 'Нет', 168, 3),
(295, 'Да', 175, 0),
(296, 'Может быть', 175, 1),
(297, 'Нет', 175, 5),
(298, 'Да', 179, 0),
(299, 'Может быть', 179, 1),
(300, 'Нет', 179, 5),
(301, 'Да', 23, 5),
(302, 'Может быть', 23, 4),
(303, 'Нет', 23, 3),
(304, 'Да', 29, 6),
(305, 'Может быть', 29, 3),
(306, 'Нет', 29, 3),
(307, 'Да', 31, 5),
(308, 'Может быть', 31, 4),
(309, 'Нет', 31, 4),
(310, 'Да', 38, 4),
(311, 'Может быть', 38, 4),
(312, 'Нет', 38, 5),
(313, 'Да', 65, 4),
(314, 'Может быть', 65, 4),
(315, 'Нет', 65, 5),
(316, 'Да', 66, 6),
(317, 'Может быть', 66, 4),
(318, 'Нет', 66, 3),
(319, 'Да', 72, 3),
(320, 'Может быть', 72, 4),
(321, 'Нет', 72, 4),
(322, 'Да', 79, 5),
(323, 'Может быть', 79, 4),
(324, 'Нет', 79, 3),
(325, 'Да', 103, 4),
(326, 'Может быть', 103, 4),
(327, 'Нет', 103, 6),
(328, 'Да', 107, 2),
(329, 'Может быть', 107, 3),
(330, 'Нет', 107, 6),
(331, 'Да', 114, 6),
(332, 'Может быть', 114, 4),
(333, 'Нет', 114, 3),
(334, 'Да', 120, 5),
(335, 'Может быть', 120, 4),
(336, 'Нет', 120, 3),
(337, 'Да', 145, 5),
(338, 'Может быть', 145, 5),
(339, 'Нет', 145, 3),
(340, 'Да', 147, 6),
(341, 'Может быть', 147, 4),
(342, 'Нет', 147, 4),
(343, 'Да', 154, 3),
(344, 'Может быть', 154, 3),
(345, 'Нет', 154, 5),
(346, 'Да', 159, 5),
(347, 'Может быть', 159, 4),
(348, 'Нет', 159, 2),
(349, 'Да', 185, 6),
(350, 'Может быть', 185, 6),
(351, 'Нет', 185, 3),
(352, 'Да', 187, 3),
(353, 'Может быть', 187, 3),
(354, 'Нет', 187, 5),
(355, 'Да', 195, 6),
(356, 'Может быть', 195, 4),
(357, 'Нет', 195, 2),
(358, 'Да', 199, 0),
(359, 'Может быть', 199, 3),
(360, 'Нет', 199, 5),
(361, 'Да', 4, 3),
(362, 'Может быть', 4, 4),
(363, 'Нет', 4, 6),
(364, 'Да', 10, 5),
(365, 'Может быть', 10, 4),
(366, 'Нет', 10, 4),
(367, 'Да', 13, 5),
(368, 'Может быть', 13, 4),
(369, 'Нет', 13, 3),
(370, 'Да', 20, 5),
(371, 'Может быть', 20, 5),
(372, 'Нет', 20, 3),
(373, 'Да', 45, 3),
(374, 'Может быть', 45, 4),
(375, 'Нет', 45, 5),
(376, 'Да', 49, 6),
(377, 'Может быть', 49, 4),
(378, 'Нет', 49, 4),
(379, 'Да', 55, 2),
(380, 'Может быть', 55, 5),
(381, 'Нет', 55, 6),
(382, 'Да', 60, 2),
(383, 'Может быть', 60, 5),
(384, 'Нет', 60, 6),
(385, 'Да', 82, 3),
(386, 'Может быть', 82, 4),
(387, 'Нет', 82, 6),
(388, 'Да', 89, 2),
(389, 'Может быть', 89, 5),
(390, 'Нет', 89, 6),
(391, 'Да', 95, 3),
(392, 'Может быть', 95, 4),
(393, 'Нет', 95, 5),
(394, 'Да', 100, 4),
(395, 'Может быть', 100, 3),
(396, 'Нет', 100, 1),
(397, 'Да', 123, 5),
(398, 'Может быть', 123, 4),
(399, 'Нет', 123, 3),
(400, 'Да', 126, 4),
(401, 'Может быть', 126, 4),
(402, 'Нет', 126, 6),
(403, 'Да', 133, 6),
(404, 'Может быть', 133, 4),
(405, 'Нет', 133, 3),
(406, 'Да', 140, 2),
(407, 'Может быть', 140, 5),
(408, 'Нет', 140, 6),
(409, 'Да', 161, 2),
(410, 'Может быть', 161, 5),
(411, 'Нет', 161, 6),
(412, 'Да', 167, 6),
(413, 'Может быть', 167, 4),
(414, 'Нет', 167, 2),
(415, 'Да', 172, 3),
(416, 'Может быть', 172, 4),
(417, 'Нет', 172, 6),
(418, 'Да', 180, 3),
(419, 'Может быть', 180, 5),
(420, 'Нет', 180, 6),
(421, 'Да', 24, 3),
(422, 'Может быть', 24, 5),
(423, 'Нет', 24, 6),
(424, 'Да', 30, 3),
(425, 'Может быть', 30, 4),
(426, 'Нет', 30, 6),
(427, 'Да', 35, 5),
(428, 'Может быть', 35, 5),
(429, 'Нет', 35, 2),
(430, 'Да', 37, 3),
(431, 'Может быть', 37, 4),
(432, 'Нет', 37, 6),
(433, 'Да', 63, 5),
(434, 'Может быть', 63, 4),
(435, 'Нет', 63, 4),
(436, 'Да', 70, 4),
(437, 'Может быть', 70, 4),
(438, 'Нет', 70, 5),
(439, 'Да', 74, 2),
(440, 'Может быть', 74, 4),
(441, 'Нет', 74, 6),
(442, 'Да', 80, 6),
(443, 'Может быть', 80, 3),
(444, 'Нет', 80, 3),
(445, 'Да', 105, 6),
(446, 'Может быть', 105, 4),
(447, 'Нет', 105, 3),
(448, 'Да', 109, 3),
(449, 'Может быть', 109, 4),
(450, 'Нет', 109, 5),
(451, 'Да', 115, 3),
(452, 'Может быть', 115, 4),
(453, 'Нет', 115, 6),
(454, 'Да', 119, 5),
(455, 'Может быть', 119, 4),
(456, 'Нет', 119, 3),
(457, 'Да', 143, 2),
(458, 'Может быть', 143, 4),
(459, 'Нет', 143, 6),
(460, 'Да', 150, 2),
(461, 'Может быть', 150, 5),
(462, 'Нет', 150, 6),
(463, 'Да', 152, 6),
(464, 'Может быть', 152, 5),
(465, 'Нет', 152, 3),
(466, 'Да', 157, 7),
(467, 'Может быть', 157, 5),
(468, 'Нет', 157, 7),
(469, 'Да', 182, 3),
(470, 'Может быть', 182, 4),
(471, 'Нет', 182, 6),
(472, 'Да', 189, 3),
(473, 'Может быть', 189, 5),
(474, 'Нет', 189, 5),
(475, 'Да', 194, 4),
(476, 'Может быть', 194, 5),
(477, 'Нет', 194, 6),
(478, 'Да', 198, 2),
(479, 'Может быть', 198, 5),
(480, 'Нет', 198, 6),
(481, 'Да', 5, 4),
(482, 'Может быть', 5, 4),
(483, 'Нет', 5, 5),
(484, 'Да', 9, 3),
(485, 'Может быть', 9, 4),
(486, 'Нет', 9, 4),
(487, 'Да', 14, 2),
(488, 'Может быть', 14, 4),
(489, 'Нет', 14, 5),
(490, 'Да', 19, 5),
(491, 'Может быть', 19, 3),
(492, 'Нет', 19, 3),
(493, 'Да', 44, 2),
(494, 'Может быть', 44, 3),
(495, 'Нет', 44, 6),
(496, 'Да', 50, 4),
(497, 'Может быть', 50, 4),
(498, 'Нет', 50, 3),
(499, 'Да', 54, 6),
(500, 'Может быть', 54, 3),
(501, 'Нет', 54, 3),
(502, 'Да', 59, 1),
(503, 'Может быть', 59, 3),
(504, 'Нет', 59, 5),
(505, 'Да', 84, 6),
(506, 'Может быть', 84, 3),
(507, 'Нет', 84, 2),
(508, 'Да', 88, 5),
(509, 'Может быть', 88, 4),
(510, 'Нет', 88, 3),
(511, 'Да', 94, 5),
(512, 'Может быть', 94, 4),
(513, 'Нет', 94, 4),
(514, 'Да', 98, 4),
(515, 'Может быть', 98, 4),
(516, 'Нет', 98, 5),
(517, 'Да', 125, 1),
(518, 'Может быть', 125, 3),
(519, 'Нет', 125, 4),
(520, 'Да', 129, 2),
(521, 'Может быть', 129, 5),
(522, 'Нет', 129, 6),
(523, 'Да', 135, 2),
(524, 'Может быть', 135, 4),
(525, 'Нет', 135, 5),
(526, 'Да', 139, 5),
(527, 'Может быть', 139, 4),
(528, 'Нет', 139, 4),
(529, 'Да', 163, 5),
(530, 'Может быть', 163, 4),
(531, 'Нет', 163, 4),
(532, 'Да', 170, 3),
(533, 'Может быть', 170, 4),
(534, 'Нет', 170, 5),
(535, 'Да', 174, 5),
(536, 'Может быть', 174, 4),
(537, 'Нет', 174, 3),
(538, 'Да', 178, 5),
(539, 'Может быть', 178, 3),
(540, 'Нет', 178, 3),
(541, 'Да', 25, 3),
(542, 'Может быть', 25, 1),
(543, 'Нет', 25, 5),
(544, 'Да', 28, 6),
(545, 'Может быть', 28, 2),
(546, 'Нет', 28, 2),
(547, 'Да', 34, 6),
(548, 'Может быть', 34, 3),
(549, 'Нет', 34, 3),
(550, 'Да', 39, 3),
(551, 'Может быть', 39, 4),
(552, 'Нет', 39, 5),
(553, 'Да', 64, 2),
(554, 'Может быть', 64, 2),
(555, 'Нет', 64, 6),
(556, 'Да', 69, 6),
(557, 'Может быть', 69, 3),
(558, 'Нет', 69, 3),
(559, 'Да', 75, 5),
(560, 'Может быть', 75, 3),
(561, 'Нет', 75, 3),
(562, 'Да', 77, 6),
(563, 'Может быть', 77, 2),
(564, 'Нет', 77, 2),
(565, 'Да', 104, 2),
(566, 'Может быть', 104, 3),
(567, 'Нет', 104, 6),
(568, 'Да', 110, 5),
(569, 'Может быть', 110, 4),
(570, 'Нет', 110, 4),
(571, 'Да', 112, 6),
(572, 'Может быть', 112, 2),
(573, 'Нет', 112, 2),
(574, 'Да', 118, 7),
(575, 'Может быть', 118, 2),
(576, 'Нет', 118, 2),
(577, 'Да', 144, 5),
(578, 'Может быть', 144, 4),
(579, 'Нет', 144, 3),
(580, 'Да', 149, 3),
(581, 'Может быть', 149, 5),
(582, 'Нет', 149, 5),
(583, 'Да', 155, 7),
(584, 'Может быть', 155, 1),
(585, 'Нет', 155, 1),
(586, 'Да', 160, 2),
(587, 'Может быть', 160, 2),
(588, 'Нет', 160, 6),
(589, 'Да', 183, 2),
(590, 'Может быть', 183, 4),
(591, 'Нет', 183, 6),
(592, 'Да', 190, 6),
(593, 'Может быть', 190, 2),
(594, 'Нет', 190, 2),
(595, 'Да', 193, 5),
(596, 'Может быть', 193, 4),
(597, 'Нет', 193, 3),
(598, 'Да', 200, 5),
(599, 'Может быть', 200, 3),
(600, 'Нет', 200, 3);

-- --------------------------------------------------------

--
-- Структура таблицы `Characteristics`
--

CREATE TABLE `Characteristics` (
  `id` int NOT NULL,
  `name` varchar(255) NOT NULL,
  `characteristic_char` varchar(1) NOT NULL
) ENGINE=InnoDB DEFAULT CHARSET=utf8mb4 COLLATE=utf8mb4_0900_ai_ci;

--
-- Дамп данных таблицы `Characteristics`
--

INSERT INTO `Characteristics` (`id`, `name`, `characteristic_char`) VALUES
(1, 'А - Организованность / Стабильность / Целеустремлённость', 'a'),
(2, 'В - Оптимизм / Честность / Видит решения', 'b'),
(3, 'С - Спокойствие / Самоконтроль / Самообладание', 'c'),
(4, 'D - Уверенность / Надёжность / Предсказуемость', 'd'),
(5, 'E - Активность / Инициативность / Энергичность', 'e'),
(6, 'F - Настойчивость / Прямолинейность / Напористость', 'f'),
(7, 'G - Ответственность / Разумность / Осознание последствий', 'g'),
(8, 'H - Понимание других / Справедливость / Терпимость', 'h'),
(9, 'I - Дружелюбие / Отзывчивость / Ориентир на помощь', 'i'),
(10, 'J - Общительность / Открытость / Лёгкость / Яркость', 'j');

-- --------------------------------------------------------

--
-- Структура таблицы `Companies`
--

CREATE TABLE `Companies` (
  `id` int NOT NULL,
  `name` varchar(255) NOT NULL
) ENGINE=InnoDB DEFAULT CHARSET=utf8mb4 COLLATE=utf8mb4_0900_ai_ci;

--
-- Дамп данных таблицы `Companies`
--

INSERT INTO `Companies` (`id`, `name`) VALUES
(1, 'TEST'),
(2, 'TEST 2');

-- --------------------------------------------------------

--
-- Структура таблицы `Genders`
--

CREATE TABLE `Genders` (
  `id` int NOT NULL,
  `name` varchar(255) NOT NULL
) ENGINE=InnoDB DEFAULT CHARSET=utf8mb4 COLLATE=utf8mb4_0900_ai_ci;

--
-- Дамп данных таблицы `Genders`
--

INSERT INTO `Genders` (`id`, `name`) VALUES
(1, 'Мужчина'),
(2, 'Женщина');

-- --------------------------------------------------------

--
-- Структура таблицы `Questions`
--

CREATE TABLE `Questions` (
  `id` int NOT NULL,
  `question_text` varchar(255) NOT NULL,
  `characteristic_id` int NOT NULL
) ENGINE=InnoDB DEFAULT CHARSET=utf8mb4 COLLATE=utf8mb4_0900_ai_ci;

--
-- Дамп данных таблицы `Questions`
--

INSERT INTO `Questions` (`id`, `question_text`, `characteristic_id`) VALUES
(1, 'Делаете ли вы необдуманные замечания или обвинения, о которых потом сожалеете?', 1),
(2, 'Остаётесь ли вы достаточно спокойны в то время, когда другие начинают терять самообладание?', 3),
(3, 'Просматриваете ли вы расписания движения поездов, телефонные справочники или словари просто ради удовольствия?', 5),
(4, 'Если вас попросят принять какое-то решение, может ли вас поколебать ваше чувство расположения или нерасположения по отношению к человеку, о котором идёт речь?', 7),
(5, 'Намереваетесь ли вы иметь не более двух детей в семье, даже если состояние вашего здоровья и уровень доходов позволят иметь больше детей?', 9),
(6, 'Сводит ли у вас время от времени мышцы, даже если для этого нет никакого логического объяснения?', 3),
(7, 'Предпочитаете ли вы находиться в положении, когда вам не приходится отвечать за принятие решений?', 5),
(8, 'Считают ли другие люди ваши поступки непредсказуемыми?', 1),
(9, 'Считаете ли вы, что на социальное обеспечение должно расходоваться больше денежных средств?', 9),
(10, 'Сильно ли вас интересуют другие люди?', 7),
(11, 'Является ли ваш голос скорее монотонным, нежели гибким?', 3),
(12, 'Ждёте ли вы обычно, чтобы другой человек начал разговор?', 5),
(13, 'Вы с готовностью интересуетесь разговорами других людей?', 7),
(14, 'Помешает ли вам охотиться или ловить рыбу мысль о причинении боли животным или рыбам?', 9),
(15, 'Часто ли вы бываете импульсивны в своем поведении?', 1),
(16, 'Медленно ли вы говорите?', 5),
(17, 'Беспокоит ли вас обычно необходимость беречь здоровье?', 1),
(18, 'Вызывает ли у вас напряжение мышц какое-нибудь неожиданное действие?', 3),
(19, 'Бываете ли вы обычно тактичны в своих требованиях к подчинённым, родственникам и ученикам?', 9),
(20, 'Считаете ли вы, что способны выдать ценное «мгновенное суждение»?', 7),
(21, 'Беспокоят ли вас до сих пор прошлые неудачи?', 2),
(22, 'Бывают ли у вас периоды повышенной активности, продолжающиеся несколько дней?', 4),
(23, 'Возмущают ли вас попытки других людей говорить вам, что вы должны делать?', 6),
(24, 'Трудно ли вам «откровенно в чём-то признаться и взять на себя вину»?', 8),
(25, 'Правда ли, что у вас скорее небольшой круг близких друзей, чем большое количество приятелей, с которыми можно просто поболтать?', 10),
(26, 'Является ли ваша жизнь постоянной борьбой за выживание?', 4),
(27, 'Часто ли вы напеваете или насвистываете просто ради удовольствия?', 2),
(28, 'Считают ли вас друзья сердечным, отзывчивым человеком?', 10),
(29, 'Вам больше нравится отдавать приказы, чем получать их?', 6),
(30, 'Доставляет ли вам удовольствие рассказывать свежие сплетни о ваших знакомых?', 8),
(31, 'Согласились ли бы вы на «строгую дисциплину»?', 6),
(32, 'Сильно ли вас обеспокоила бы мысль о том, что надо начать что-то с нуля?', 4),
(33, 'Пытаетесь ли вы рассмешить других и заставить их улыбаться?', 2),
(34, 'Легко ли вам выражать свои эмоции?', 10),
(35, 'Воздерживаетесь ли вы от высказывания недовольства, если кто-то опоздал на встречу?', 8),
(36, 'Считают ли вас иногда человеком, который портит настроение другим?', 2),
(37, 'Считаете ли вы, что есть люди, которые явно недружелюбны по отношению к вам и «копают» под вас?', 8),
(38, 'Согласились бы вы признать, что были неправы, только ради того, чтобы «сохранить мир»?', 6),
(39, 'Правда ли, что есть всего несколько человек, которых вы любите по-настоящему?', 10),
(40, 'Правда ли, что вы редко бываете счастливы, если только для этого нет особой причины?', 4),
(41, 'Будучи в компании, активно ли вы общаетесь с друзьями?', 5),
(42, 'Принимаете ли вы разумные меры предосторожности, чтобы избежать несчастных случаев?', 1),
(43, 'Нервничаете ли вы при мысли о том, что вам предстоит выступать перед аудиторией?', 3),
(44, 'Если бы вы увидели в магазине товар, на котором явно по ошибке проставлена более низкая цена, чем его настоящая цена, то попытались ли бы вы приобрести его по этой цене?', 9),
(45, 'Часто ли вы ощущаете, что люди смотрят на вас или говорят о вас за вашей спиной?', 7),
(46, 'Правда ли, что вы «вечно попадаете в неприятности»?', 1),
(47, 'Есть ли что-то, чего вы особенно боитесь или не любите?', 3),
(48, 'Правда ли, что вы предпочитаете быть зрителем, нежели участником соревнований?', 5),
(49, 'Легко ли вам непредвзято относиться к происходящему?', 7),
(50, 'Есть ли у вас чёткие устоявшиеся нормы поведения по отношению к членам вашей семьи?', 9),
(51, 'Можете ли вы быть «заводилой» на вечеринке?', 5),
(52, 'Стали бы вы «покупать вещь в кредит» с надеждой, что сможете найти средства погасить этот кредит?', 1),
(53, 'Бывает ли так, что через некоторое время после того, как произошло что-нибудь неожиданное, например несчастный случай или другое неприятное происшествие, вы реагируете на это тем или иным образом?', 3),
(54, 'Правда ли, что вы скорее учитываете пользу для всех заинтересованных сторон, чем только личные интересы?', 9),
(55, 'Когда вы слушаете лектора, кажется ли вам иногда, что лектор говорит именно о вас?', 7),
(56, 'Редко ли посторонние шумы мешают вам сосредоточиться?', 3),
(57, 'Всегда ли вы «в курсе» повседневных дел?', 5),
(58, 'Можете ли вы уверенно запланировать что-нибудь за шесть месяцев вперёд и работать над выполнением этого?', 1),
(59, 'Считаете ли вы, что современная система «тюрем без решёток» обречена на неудачу?', 9),
(60, 'Есть ли у вас склонность к небрежности?', 7),
(61, 'Бывает ли у вас ощущение, что вам всё снится, что всё в жизни нереально?', 4),
(62, 'Быстро ли вы отходите от воздействия плохих новостей?', 2),
(63, 'Когда вы критикуете кого-нибудь, пытаетесь ли вы в то же самое время его подбодрить?', 8),
(64, 'Считают ли вас обычно «холодным» человеком?', 10),
(65, 'Думаете ли вы, что ваши мнения не настолько важны, чтобы сообщать их другим?', 6),
(66, 'Являетесь ли вы настолько уверенным в себе, что это иногда раздражает других?', 6),
(67, 'Держите ли вы «в поле зрения» те вещи, которые вы дали на время своим друзьям?', 4),
(68, 'Доставляет ли вам удовольствие деятельность, выбранная самостоятельно?', 2),
(69, 'Оказывает ли эмоциональная музыка сильное воздействие на вас?', 10),
(70, 'Правда ли, что вы полностью осуждаете человека из-за того, что он ваш соперник или оппонент по какому-то вопросу ваших с ним отношений?', 8),
(71, 'Часто ли вы «сидите и думаете» о смерти, болезни, боли и горе?', 2),
(72, 'Беспокоит ли вас мысль о потере собственного достоинства?', 6),
(73, 'Верно ли, что вы постоянно собираете вещи, которые «могут пригодиться»?', 4),
(74, 'Стали ли бы вы критиковать недостатки человека и указывать на отрицательные моменты в его характере или в его умении что-то делать?', 8),
(75, 'Открыто ли вы выражаете восхищение красивыми вещами?', 10),
(76, 'Бывает ли так, что вы отдаете кому-либо вещи, которые, строго говоря, вам не принадлежат?', 4),
(77, 'Эмоционально ли вы приветствуете людей?', 10),
(78, 'Часто ли вы размышляете о неудачах в прошлом?', 2),
(79, 'Считают ли вас иногда властным человеком в ваших действиях и взглядах?', 6),
(80, 'Принимаете ли вы критику легко и без раздражения?', 8),
(81, 'Правда ли, что вас не беспокоит шум вдалеке, когда вы хотите отдохнуть?', 3),
(82, 'Склонны ли вы к ревности?', 7),
(83, 'Правда ли, что вы склонны откладывать дела на потом, а затем обнаруживаете, что уже слишком поздно?', 1),
(84, 'Верно ли, что вы предпочитаете следовать пожеланиям других, вместо того чтобы делать по-своему?', 9),
(85, 'Легко ли вам начать выполнение нового дела?', 5),
(86, 'Есть ли у вас привычка грызть свои ногти или кончик карандаша?', 3),
(87, 'Преувеличиваете ли вы иногда свои эмоции только ради того, чтобы произвести впечатление?', 1),
(88, 'Если бы ваша страна вторглась в другую страну, то сочувствовали бы вы тем её гражданам, которые отказались от военной службы по политическим или религиозно-этическим убеждениям?', 9),
(89, 'Есть ли такие вещи, касающиеся вас, затрагивание которых вызывает вашу болезненную реакцию?', 7),
(90, 'Правда ли, что у вас немного интересов и видов деятельности, которыми вы занимаетесь по собственному предпочтению?', 5),
(91, 'Бывает ли так, что у вас появляется мысль, которая не оставляет вас несколько дней?', 3),
(92, 'Медленно ли вы едите?', 5),
(93, 'Можете ли вы оказать стабилизирующее воздействие, когда другие начинают паниковать?', 1),
(94, 'Остановитесь ли вы и попытаетесь ли узнать, нужна ли человеку помощь, даже если он вас не попросил об этом?', 9),
(95, 'Склонны ли вы думать, что ваша школа, институт, клуб, команда и т.д. лучше других?', 7),
(96, 'Оплачиваете ли вы свои долги и сдерживаете ли вы свои обещания, если возможно?', 1),
(97, 'Хорошо ли вы спите?', 3),
(98, 'Накажете ли вы физически ребёнка, которому 10 лет, если он откажется вас слушаться?', 9),
(99, 'Предпочитаете ли вы занимать пассивную позицию в группе или организации, к которой вы принадлежите?', 5),
(100, 'Присутствует ли логика и научный подход в вашем образе мыслей?', 7),
(101, 'Верно ли, что у современной молодёжи больше возможностей, чем у молодёжи предыдущего поколения?', 2),
(102, 'Бывает ли так, что вы выбрасываете свои вещи, а потом обнаруживаете, что они вам нужны?', 4),
(103, 'Легко ли вы откажетесь от выбранного направления действий, если оно причиняет вам значительные затруднения?', 6),
(104, 'Верно ли, что вас сильно увлекают только некоторые определённые предметы?', 10),
(105, 'Правда ли, что вы редко питаете подозрение к поступкам других людей?', 8),
(106, 'Верно ли, что вы иногда спрашиваете себя о том, заботится ли о вас кто-то по-настоящему?', 2),
(107, 'Отказываетесь ли вы от ответственности за что-либо, потому что сомневаетесь, что можете с этим справиться?', 6),
(108, 'Кажется ли вам, что вы вынуждены иногда повторять несколько раз какую-то пикантную новость или  что-то интересное?', 4),
(109, 'Склонны ли вы преувеличивать обоснованную обиду?', 8),
(110, 'Правда ли, что выражение вашего лица изменчивое, а не застывшее?', 10),
(111, 'Нуждаетесь ли вы обычно в подтверждении или поддержке высказанного вами мнения?', 4),
(112, 'Правда ли, что вы открыто и искренне восхищаетесь красотой других людей?', 10),
(113, 'Нужно ли вам сделать определённое усилие, чтобы подумать о самоубийстве?', 2),
(114, 'Считаете ли вы себя энергичным в своём отношении к жизни?', 6),
(115, 'Может ли расхождение во мнениях повлиять на ваши отношения с другим человеком?', 8),
(116, 'Правда ли, что ваши незначительные неудачи редко вас беспокоят?', 2),
(117, 'Кажется ли вам иногда, что вы говорите слишком много?', 4),
(118, 'Часто ли вы улыбаетесь?', 10),
(119, 'Легко ли вам доставить удовольствие?', 8),
(120, 'Когда вы встречаете открытое сопротивление, то попытаетесь ли вы всё-таки сделать по-своему или настоять на своём?', 6),
(121, 'Если расстояние не слишком большое, предпочтете ли вы ехать на транспорте, нежели идти пешком?', 5),
(122, 'Беспокоит ли вас когда-нибудь шум ветра или «осаживающегося дома»?', 3),
(123, 'Принимаете ли вы во внимание свой жизненный опыт, профессию или образование при формировании своих мнений?', 7),
(124, 'Часто ли вы совершаете грубые бестактные ошибки?', 1),
(125, 'Относитесь ли вы с подозрением к тем людям, которые просят у вас денег взаймы?', 9),
(126, 'Влияют ли на ваши решения ваши личные интересы?', 7),
(127, 'Можете ли вы прийти в полный восторг от какой-нибудь «простой мелочи»?', 5),
(128, 'Часто ли вы предпринимаете действия, даже если ваш здравый смысл говорит вам поступать иначе?', 1),
(129, 'Являетесь ли вы сторонником разделения людей по цвету кожи и классовой принадлежности?', 9),
(130, 'Есть ли у вас такие привычки, как поглаживание волос, носа, ушей и т.п.?', 3),
(131, 'Можете ли вы быстро приспособиться и воспользоваться новыми условиями и ситуациями, даже если они окажутся трудными?', 1),
(132, 'Могут ли некоторые звуки вызвать у вас неприятные ощущения, такие как «зубы сводит»?', 3),
(133, 'Можете ли вы понять точку зрения другого человека, если захотите?', 7),
(134, 'Вы ложитесь спать скорее когда хотите, нежели «по часам»?', 5),
(135, 'Выходите ли вы из себя по поводу «мелких недостатков» других людей?', 9),
(136, 'Раздражают ли вас дети?', 3),
(137, 'Вы менее разговорчивы, чем ваши знакомые?', 5),
(138, 'Выполняете ли вы обычно поручения быстро и систематично?', 1),
(139, 'Окажете ли вы помощь попутчику вместо того, чтобы предоставить это официальным лицам?', 9),
(140, 'Когда вы голосуете, голосуете ли вы всегда за одну и ту же партию, в противоположность тому, чтобы изучать кандидатов и их предвыборные программы?', 7),
(141, 'Часто ли вы размышляете о своих прошлых болезнях или болезненных переживаниях?', 2),
(142, 'Становится ли вам не по себе, если вокруг беспорядок?', 4),
(143, 'Критикуете ли вы обычно фильм или спектакль, который смотрите, или книгу, которую читаете?', 8),
(144, 'Рассказывая какой-нибудь забавный случай, легко ли вы можете подражать манерам или речи участников этого случая?', 10),
(145, 'Считаете ли вы своё мнение достаточно важным, чтобы высказывать его другим людям в той области, где вы не являетесь специалистом?', 6),
(146, 'Стремитесь ли вы прибрать в чужом доме, если там беспорядок?', 4),
(147, 'Можете ли вы легко принять поражение, не испытывая чувство досады?', 6),
(148, 'Часто ли вы чувствуете себя подавленным?', 2),
(149, 'Бывает ли вам неловко в обществе детей?', 10),
(150, 'Если вы не можете что-то сделать, то будете ли вы нервничать, нежели искать замену этой деятельности или системе?', 8),
(151, 'Бываете ли вы иногда полностью неспособным постичь суть вещей?', 2),
(152, 'Редко ли вы высказываетесь о своём недовольстве?', 8),
(153, 'Работаете ли вы «рывками», то есть имеет ли место такое, что вы бываете относительно пассивны, а затем – чрезвычайно активны в течение одного-двух дней?', 4),
(154, 'Беспокоит ли вас количество незавершённых текущих дел,  которые у вас есть?', 6),
(155, 'Нравится ли людям быть в вашем обществе?', 10),
(156, 'Могли бы вы позволить человеку отгадать последние слова в кроссворде, не вмешиваясь?', 4),
(157, 'Считаетесь ли вы с лучшими сторонами большинства людей, лишь редко отзываясь о них неуважительно?', 8),
(158, 'Охотно ли вы смеётесь или улыбаетесь?', 2),
(159, 'Являются ли ваш голос и манеры выразительными?', 6),
(160, 'Проявляете ли вы свою несдержанность только по отношению к близким друзьям, если вы вообще её проявляете?', 10),
(161, 'Представляют ли ваши интересы и области знаний такую важность, что оставляют вам мало времени для чего-либо другого?', 7),
(162, 'Хотелось бы вам «начать новое дело» в том месте, где вы живёте?', 5),
(163, 'Можете ли вы убить животное, если это необходимо, чтобы избавить его от боли?', 9),
(164, 'Легко ли вам расслабиться?', 3),
(165, 'Правда ли, что вы мало сожалеете о прошлых невзгодах и неудачах?', 1),
(166, 'Вызывают ли у вас физическую реакцию мрачные предчувствия или страшные мысли?', 3),
(167, 'Можете ли вы положиться на то, что подсказывает вам ваш здравый смысл в эмоциональной ситуации, в которую вы попали?', 7),
(168, 'Мог бы кто-то ещё считать вас по-настоящему активным человеком?', 5),
(169, 'Трудно ли вам приступить к делу, которое необходимо выполнить?', 1),
(170, 'Являетесь ли вы противником «системы испытательных сроков» для преступников?', 9),
(171, 'Много ли времени вы тратите на беспокойство по пустякам?', 3),
(172, 'Трудно ли вам понять во время спора, почему другой человек не может принять вашу точку зрения и, таким образом, согласиться с вами?', 7),
(173, 'Достаточно ли хорошо вы справляетесь с проблемами повседневной жизни?', 1),
(174, 'Правдивы ли вы обычно с окружающими?', 9),
(175, 'Предпочитаете ли вы ждать развития событий, вместо того чтобы начать действовать самому?', 5),
(176, 'Тратите ли вы свои деньги слишком беззаботно, если принимать во внимание ваши заработки?', 1),
(177, 'Способны ли вы пойти на «обоснованный pиcк» без излишних волнений?', 3),
(178, 'Если бы вы попали в незначительную автомобильную аварию, потрудились ли бы вы позаботиться о том, чтобы ущерб, нанесённый вами, был возмещён?', 9),
(179, 'Помыкают ли вами другие люди?', 5),
(180, 'Проявляете ли вы снисходительность к своим друзьям в тех случаях, когда к другим вы бы отнеслись более строго?', 7),
(181, 'Часто ли вы размышляете о своей неполноценности?', 2),
(182, 'Бывает ли так, что люди критикуют вас в разговоре с другими людьми?', 8),
(183, 'Смущают ли вас проявления сердечности при встрече, такие как поцелуй, крепкое объятие, похлопывание по спине, если это происходит на людях?', 10),
(184, 'Часто ли вам приходится не делать того, что хотелось бы, из-за желаний других людей?', 4),
(185, 'Бываете ли вы иногда убеждены в правильности вашего мнения о предмете, даже если вы не являетесь специалистом в нём?', 6),
(186, 'Часто ли вы оказываетесь в ситуации, когда вам приходится «заниматься всеми делами одновременно»?', 4),
(187, 'Имеют ли ваши знакомые более высокое мнение о ваших способностях, чем вы сами?', 6),
(188, 'Ужасает ли вас мысль о смерти или даже напоминание о ней?', 2),
(189, 'Продолжаете ли вы какое-то время чувствовать раздражение после разрешения спора?', 8),
(190, 'Дружелюбны ли ваш голос, выражение лица и отношение к другим?', 10),
(191, 'Кажется ли вам жизнь нереальной и довольно туманной?', 4),
(192, 'Часто ли вы расстраиваетесь из-за судьбы жертв войны и политических беженцев?', 2),
(193, 'Обращаются ли к вам за помощью или за советом просто знакомые со своими личными проблемами?', 10),
(194, 'Если вы теряете какую-то вещь, приходит ли вам в голову мысль о том, что «кто-то, должно быть, украл её или положил не туда»?', 8),
(195, 'Если бы вы подумали, что кто-то с подозрением относится к вам и вашим действиям, вы бы предпочли открыто обсудить с ним это, а не оставить ему разобраться во всём самому?', 6),
(196, 'Чувствуете ли вы, что ваш возраст работает против вас (что вы слишком молоды или слишком стары)?', 2),
(197, 'Бывают ли у вас периоды грусти и подавленности без видимой причины?', 4),
(198, 'Часто ли вы ворчите об условиях жизни, с которыми вам приходится сталкиваться?', 8),
(199, 'Склонны ли вы скрывать свои чувства?', 6),
(200, 'Считаете ли вы, что у вас много сердечных друзей?', 10);

-- --------------------------------------------------------

--
-- Структура таблицы `UserAnswers`
--

CREATE TABLE `UserAnswers` (
  `id` int NOT NULL,
  `user_id` int NOT NULL,
  `answer_id` int NOT NULL,
  `question_id` int NOT NULL
) ENGINE=InnoDB DEFAULT CHARSET=utf8mb4 COLLATE=utf8mb4_0900_ai_ci;

--
-- Дамп данных таблицы `UserAnswers`
--

INSERT INTO `UserAnswers` (`id`, `user_id`, `answer_id`, `question_id`) VALUES
(1240, 5, 6, 1),
(1241, 5, 3, 2),
(1242, 5, 6, 3),
(1243, 5, 3, 4),
(1244, 5, 4, 5),
(1245, 5, 6, 6),
(1246, 5, 5, 7),
(1247, 5, 5, 8),
(1248, 5, 4, 9),
(1249, 5, 4, 10),
(1250, 5, 3, 11),
(1251, 5, 4, 12),
(1252, 5, 3, 13),
(1253, 5, 5, 14),
(1254, 5, 3, 15),
(1255, 5, 4, 16),
(1256, 5, 2, 17),
(1257, 5, 6, 18),
(1258, 5, 5, 19),
(1259, 5, 5, 20),
(1260, 5, 6, 21),
(1261, 5, 6, 22),
(1262, 5, 5, 23),
(1263, 5, 3, 24),
(1264, 5, 1, 25),
(1265, 5, 2, 26),
(1266, 5, 5, 27),
(1267, 5, 2, 28),
(1268, 5, 6, 29),
(1269, 5, 4, 30),
(1270, 5, 5, 31),
(1271, 5, 6, 32),
(1272, 5, 5, 33),
(1273, 5, 5, 34),
(1274, 5, 2, 35),
(1275, 5, 4, 37),
(1276, 5, 4, 38),
(1277, 5, 4, 39),
(1278, 5, 3, 40),
(1279, 5, 4, 41),
(1280, 5, 3, 42),
(1281, 5, 4, 43),
(1282, 5, 3, 44),
(1283, 5, 5, 45),
(1284, 5, 5, 46),
(1285, 5, 6, 47),
(1286, 5, 4, 48),
(1287, 5, 4, 49),
(1288, 5, 4, 50),
(1289, 5, 2, 51),
(1290, 5, 3, 52),
(1291, 5, 4, 53),
(1292, 5, 3, 54),
(1293, 5, 2, 55),
(1294, 5, 5, 56),
(1295, 5, 4, 57),
(1296, 5, 6, 58),
(1297, 5, 5, 59),
(1298, 5, 6, 60),
(1299, 5, 6, 61),
(1300, 5, 5, 62),
(1301, 5, 4, 63),
(1302, 5, 2, 64),
(1303, 5, 4, 65),
(1304, 5, 6, 66),
(1305, 5, 4, 67),
(1306, 5, 3, 68),
(1307, 5, 3, 69),
(1308, 5, 5, 70),
(1309, 5, 3, 71),
(1310, 5, 3, 72),
(1311, 5, 5, 73),
(1312, 5, 4, 74),
(1313, 5, 5, 75),
(1314, 5, 6, 76),
(1315, 5, 6, 77),
(1316, 5, 6, 78),
(1317, 5, 4, 79),
(1318, 5, 3, 80),
(1319, 5, 6, 81),
(1320, 5, 4, 82),
(1321, 5, 3, 83),
(1322, 5, 3, 84),
(1323, 5, 3, 85),
(1324, 5, 4, 86),
(1325, 5, 3, 87),
(1326, 5, 5, 88),
(1327, 5, 2, 89),
(1328, 5, 5, 90),
(1329, 5, 3, 91),
(1330, 5, 4, 92),
(1331, 5, 3, 93),
(1332, 5, 5, 94),
(1333, 5, 5, 95),
(1334, 5, 2, 96),
(1335, 5, 5, 97),
(1336, 5, 4, 98),
(1337, 5, 2, 99),
(1338, 5, 1, 100),
(1339, 5, 4, 101),
(1340, 5, 2, 102),
(1341, 5, 6, 103),
(1342, 5, 2, 104),
(1343, 5, 6, 105),
(1344, 5, 7, 106),
(1345, 5, 6, 107),
(1346, 5, 5, 108),
(1347, 5, 3, 109),
(1348, 5, 4, 110),
(1349, 5, 4, 111),
(1350, 5, 2, 112),
(1351, 5, 6, 113),
(1352, 5, 6, 114),
(1353, 5, 6, 115),
(1354, 5, 3, 116),
(1355, 5, 5, 117),
(1356, 5, 7, 118),
(1357, 5, 3, 119),
(1358, 5, 4, 120),
(1359, 5, 4, 121),
(1360, 5, 3, 122),
(1361, 5, 4, 123),
(1362, 5, 6, 124),
(1363, 5, 4, 125),
(1364, 5, 6, 126),
(1365, 5, 4, 127),
(1366, 5, 3, 128),
(1367, 5, 2, 129),
(1368, 5, 5, 130),
(1369, 5, 3, 131),
(1370, 5, 6, 132),
(1371, 5, 6, 133),
(1372, 5, 3, 134),
(1373, 5, 2, 135),
(1374, 5, 5, 136),
(1375, 5, 3, 137),
(1376, 5, 5, 138),
(1377, 5, 4, 139),
(1378, 5, 2, 140),
(1379, 5, 2, 141),
(1380, 5, 1, 142),
(1381, 5, 4, 143),
(1382, 5, 3, 144),
(1383, 5, 5, 145),
(1384, 5, 1, 146),
(1385, 5, 6, 147),
(1386, 5, 4, 148),
(1387, 5, 5, 149),
(1388, 5, 6, 150),
(1389, 5, 5, 151),
(1390, 5, 3, 152),
(1391, 5, 4, 153),
(1392, 5, 5, 154),
(1393, 5, 1, 155),
(1394, 5, 2, 156),
(1395, 5, 7, 157),
(1396, 5, 3, 158),
(1397, 5, 4, 159),
(1398, 5, 2, 160),
(1399, 5, 6, 161),
(1400, 5, 4, 162),
(1401, 5, 4, 163),
(1402, 5, 5, 164),
(1403, 5, 6, 165),
(1404, 5, 6, 166),
(1405, 5, 6, 167),
(1406, 5, 6, 168),
(1407, 5, 3, 169),
(1408, 5, 5, 170),
(1409, 5, 3, 171),
(1410, 5, 3, 172),
(1411, 5, 6, 173),
(1412, 5, 3, 174),
(1413, 5, 5, 175),
(1414, 5, 6, 176),
(1415, 5, 6, 177),
(1416, 5, 3, 178),
(1417, 5, 1, 179),
(1418, 5, 3, 180),
(1419, 5, 3, 181),
(1420, 5, 4, 182),
(1421, 5, 4, 183),
(1422, 5, 6, 184),
(1423, 5, 6, 185),
(1424, 5, 3, 186),
(1425, 5, 3, 187),
(1426, 5, 2, 188),
(1427, 5, 5, 189),
(1428, 5, 2, 190),
(1429, 5, 5, 191),
(1430, 5, 6, 192),
(1431, 5, 3, 193),
(1432, 5, 5, 194),
(1433, 5, 6, 195),
(1434, 5, 5, 196),
(1435, 5, 4, 197),
(1436, 5, 5, 198),
(1437, 5, 5, 199),
(1438, 5, 3, 200),
(1439, 6, 2, 1),
(1440, 6, 3, 2),
(1441, 6, 3, 3),
(1442, 6, 6, 4),
(1443, 6, 5, 5),
(1444, 6, 3, 6),
(1445, 6, 5, 7),
(1446, 6, 5, 8),
(1447, 6, 4, 9),
(1448, 6, 4, 10),
(1449, 6, 5, 11),
(1450, 6, 2, 12),
(1451, 6, 4, 13),
(1452, 6, 4, 14),
(1453, 6, 3, 15),
(1454, 6, 3, 16),
(1455, 6, 5, 17),
(1456, 6, 2, 18),
(1457, 6, 3, 19),
(1458, 6, 5, 20),
(1459, 6, 3, 21),
(1460, 6, 5, 22),
(1461, 6, 3, 23),
(1462, 6, 5, 24),
(1463, 6, 3, 25),
(1464, 6, 6, 26),
(1465, 6, 5, 27),
(1466, 6, 2, 28),
(1467, 6, 3, 29),
(1468, 6, 4, 30),
(1469, 6, 5, 31),
(1470, 6, 6, 32),
(1471, 6, 6, 33),
(1472, 6, 3, 34),
(1473, 6, 5, 35),
(1474, 6, 4, 37),
(1475, 6, 4, 38),
(1476, 6, 3, 39),
(1477, 6, 2, 40),
(1478, 6, 4, 41),
(1479, 6, 5, 42),
(1480, 6, 4, 43),
(1481, 6, 3, 44),
(1482, 6, 5, 45),
(1483, 6, 5, 46),
(1484, 6, 5, 47),
(1485, 6, 5, 48),
(1486, 6, 4, 49),
(1487, 6, 3, 50),
(1488, 6, 2, 51),
(1489, 6, 4, 52),
(1490, 6, 3, 53),
(1491, 6, 6, 54),
(1492, 6, 5, 55),
(1493, 6, 3, 56),
(1494, 6, 4, 57),
(1495, 6, 3, 58),
(1496, 6, 3, 59),
(1497, 6, 6, 60),
(1498, 6, 2, 61),
(1499, 6, 4, 62),
(1500, 6, 4, 63),
(1501, 6, 2, 64),
(1502, 6, 4, 65),
(1503, 6, 6, 66),
(1504, 6, 4, 67),
(1505, 6, 6, 68),
(1506, 6, 6, 69),
(1507, 6, 4, 70),
(1508, 6, 3, 71),
(1509, 6, 4, 72),
(1510, 6, 2, 73),
(1511, 6, 6, 74),
(1512, 6, 5, 75),
(1513, 6, 6, 76),
(1514, 6, 6, 77),
(1515, 6, 2, 78),
(1516, 6, 5, 79),
(1517, 6, 3, 80),
(1518, 6, 3, 81),
(1519, 6, 4, 82),
(1520, 6, 6, 83),
(1521, 6, 2, 84),
(1522, 6, 6, 85),
(1523, 6, 6, 86),
(1524, 6, 5, 87),
(1525, 6, 5, 88),
(1526, 6, 2, 89),
(1527, 6, 3, 90),
(1528, 6, 4, 91),
(1529, 6, 4, 92),
(1530, 6, 3, 93),
(1531, 6, 4, 94),
(1532, 6, 5, 95),
(1533, 6, 4, 96),
(1534, 6, 5, 97),
(1535, 6, 4, 98),
(1536, 6, 5, 99),
(1537, 6, 4, 100),
(1538, 6, 4, 101),
(1539, 6, 3, 102),
(1540, 6, 6, 103),
(1541, 6, 2, 104),
(1542, 6, 6, 105),
(1543, 6, 3, 106),
(1544, 6, 2, 107),
(1545, 6, 5, 108),
(1546, 6, 3, 109),
(1547, 6, 4, 110),
(1548, 6, 2, 111),
(1549, 6, 2, 112),
(1550, 6, 6, 113),
(1551, 6, 6, 114),
(1552, 6, 3, 115),
(1553, 6, 6, 116),
(1554, 6, 3, 117),
(1555, 6, 2, 118),
(1556, 6, 4, 119),
(1557, 6, 5, 120),
(1558, 6, 4, 121),
(1559, 6, 4, 122),
(1560, 6, 4, 123),
(1561, 6, 6, 124),
(1562, 6, 3, 125),
(1563, 6, 6, 126),
(1564, 6, 5, 127),
(1565, 6, 6, 128),
(1566, 6, 5, 129),
(1567, 6, 6, 130),
(1568, 6, 2, 131),
(1569, 6, 6, 132),
(1570, 6, 6, 133),
(1571, 6, 4, 134),
(1572, 6, 4, 135),
(1573, 6, 5, 136),
(1574, 6, 6, 137),
(1575, 6, 5, 138),
(1576, 6, 4, 139),
(1577, 6, 6, 140),
(1578, 6, 2, 141),
(1579, 6, 1, 142),
(1580, 6, 6, 143),
(1581, 6, 3, 144),
(1582, 6, 5, 145),
(1583, 6, 5, 146),
(1584, 6, 4, 147),
(1585, 6, 4, 148),
(1586, 6, 3, 149),
(1587, 6, 5, 150),
(1588, 6, 5, 151),
(1589, 6, 5, 152),
(1590, 6, 2, 153),
(1591, 6, 3, 154),
(1592, 6, 1, 155),
(1593, 6, 4, 156),
(1594, 6, 5, 157),
(1595, 6, 5, 158),
(1596, 6, 2, 159),
(1597, 6, 6, 160),
(1598, 6, 6, 161),
(1599, 6, 6, 162),
(1600, 6, 5, 163),
(1601, 6, 2, 164),
(1602, 6, 3, 165),
(1603, 6, 3, 166),
(1604, 6, 4, 167),
(1605, 6, 6, 168),
(1606, 6, 6, 169),
(1607, 6, 4, 170),
(1608, 6, 3, 171),
(1609, 6, 3, 172),
(1610, 6, 3, 173),
(1611, 6, 4, 174),
(1612, 6, 1, 175),
(1613, 6, 2, 176),
(1614, 6, 6, 177),
(1615, 6, 3, 178),
(1616, 6, 1, 179),
(1617, 6, 6, 180),
(1618, 6, 3, 181),
(1619, 6, 3, 182),
(1620, 6, 4, 183),
(1621, 6, 4, 184),
(1622, 6, 6, 185),
(1623, 6, 1, 186),
(1624, 6, 3, 187),
(1625, 6, 2, 188),
(1626, 6, 5, 189),
(1627, 6, 6, 190),
(1628, 6, 1, 191),
(1629, 6, 2, 192),
(1630, 6, 4, 193),
(1631, 6, 6, 194),
(1632, 6, 4, 195),
(1633, 6, 2, 196),
(1634, 6, 2, 197),
(1635, 6, 2, 198),
(1637, 6, 3, 200),
(1638, 7, 4, 1),
(1639, 7, 3, 2),
(1640, 7, 4, 3),
(1641, 7, 6, 4),
(1642, 7, 4, 5),
(1643, 7, 3, 6),
(1644, 7, 4, 7),
(1645, 7, 4, 8),
(1646, 7, 3, 9),
(1647, 7, 4, 10),
(1648, 7, 5, 11),
(1649, 7, 2, 12),
(1650, 7, 5, 13),
(1651, 7, 5, 14),
(1652, 7, 3, 15),
(1653, 7, 4, 16),
(1654, 7, 5, 17),
(1655, 7, 6, 18),
(1656, 7, 3, 19),
(1657, 7, 3, 20),
(1658, 7, 3, 21),
(1659, 7, 1, 22),
(1660, 7, 3, 23),
(1661, 7, 6, 24),
(1662, 7, 3, 25),
(1663, 7, 3, 26),
(1664, 7, 4, 27),
(1665, 7, 2, 28),
(1666, 7, 3, 29),
(1667, 7, 4, 30),
(1668, 7, 5, 31),
(1669, 7, 4, 32),
(1670, 7, 5, 33),
(1671, 7, 6, 34),
(1672, 7, 5, 35),
(1673, 7, 4, 37),
(1674, 7, 4, 38),
(1675, 7, 3, 39),
(1676, 7, 3, 40),
(1677, 7, 4, 41),
(1678, 7, 3, 42),
(1679, 7, 4, 43),
(1680, 7, 2, 44),
(1681, 7, 3, 45),
(1682, 7, 3, 46),
(1683, 7, 5, 47),
(1684, 7, 5, 48),
(1685, 7, 4, 49),
(1686, 7, 4, 50),
(1687, 7, 5, 51),
(1688, 7, 3, 52),
(1689, 7, 3, 53),
(1690, 7, 3, 54),
(1691, 7, 6, 55),
(1692, 7, 3, 56),
(1693, 7, 5, 57),
(1694, 7, 3, 58),
(1695, 7, 3, 59),
(1696, 7, 6, 60),
(1697, 7, 2, 61),
(1698, 7, 5, 62),
(1699, 7, 4, 63),
(1700, 7, 6, 64),
(1701, 7, 5, 65),
(1702, 7, 6, 66),
(1703, 7, 5, 67),
(1704, 7, 6, 68),
(1705, 7, 3, 69),
(1706, 7, 4, 70),
(1707, 7, 5, 71),
(1708, 7, 4, 72),
(1709, 7, 4, 73),
(1710, 7, 2, 74),
(1711, 7, 3, 75),
(1712, 7, 3, 76),
(1713, 7, 2, 77),
(1714, 7, 6, 78),
(1715, 7, 5, 79),
(1716, 7, 6, 80),
(1717, 7, 3, 81),
(1718, 7, 4, 82),
(1719, 7, 6, 83),
(1720, 7, 6, 84),
(1721, 7, 3, 85),
(1722, 7, 2, 86),
(1723, 7, 3, 87),
(1724, 7, 4, 88),
(1725, 7, 2, 89),
(1726, 7, 3, 90),
(1727, 7, 3, 91),
(1728, 7, 4, 92),
(1729, 7, 3, 93),
(1730, 7, 5, 94),
(1731, 7, 5, 95),
(1732, 7, 6, 96),
(1733, 7, 5, 97),
(1734, 7, 5, 98),
(1735, 7, 2, 99),
(1736, 7, 4, 100),
(1737, 7, 4, 101),
(1738, 7, 3, 102),
(1739, 7, 4, 103),
(1740, 7, 3, 104),
(1741, 7, 6, 105),
(1742, 7, 7, 106),
(1743, 7, 2, 107),
(1744, 7, 5, 108),
(1745, 7, 3, 109),
(1746, 7, 4, 110),
(1747, 7, 4, 111),
(1748, 7, 2, 112),
(1749, 7, 3, 113),
(1750, 7, 6, 114),
(1751, 7, 4, 115),
(1752, 7, 4, 116),
(1753, 7, 5, 117),
(1754, 7, 2, 118),
(1755, 7, 4, 119),
(1756, 7, 4, 120),
(1757, 7, 4, 121),
(1758, 7, 3, 122),
(1759, 7, 5, 123),
(1760, 7, 2, 124),
(1761, 7, 1, 125),
(1762, 7, 4, 126),
(1763, 7, 4, 127),
(1764, 7, 6, 128),
(1765, 7, 2, 129),
(1766, 7, 5, 130),
(1767, 7, 5, 131),
(1768, 7, 4, 132),
(1769, 7, 6, 133),
(1770, 7, 4, 134),
(1771, 7, 2, 135),
(1772, 7, 3, 136),
(1773, 7, 3, 137),
(1774, 7, 5, 138),
(1775, 7, 5, 139),
(1776, 7, 2, 140),
(1777, 7, 2, 141),
(1778, 7, 5, 142),
(1779, 7, 2, 143),
(1780, 7, 5, 144),
(1781, 7, 3, 145),
(1782, 7, 3, 146),
(1783, 7, 4, 147),
(1784, 7, 6, 148),
(1785, 7, 5, 149),
(1786, 7, 2, 150),
(1787, 7, 5, 151),
(1788, 7, 6, 152),
(1789, 7, 4, 153),
(1790, 7, 3, 154),
(1791, 7, 1, 155),
(1792, 7, 4, 156),
(1793, 7, 7, 157),
(1794, 7, 3, 158),
(1795, 7, 5, 159),
(1796, 7, 6, 160),
(1797, 7, 5, 161),
(1798, 7, 4, 162),
(1799, 7, 4, 163),
(1800, 7, 2, 164),
(1801, 7, 6, 165),
(1802, 7, 3, 166),
(1803, 7, 4, 167),
(1804, 7, 4, 168),
(1805, 7, 6, 169),
(1806, 7, 4, 170),
(1807, 7, 3, 171),
(1808, 7, 3, 172),
(1809, 7, 2, 173),
(1810, 7, 3, 174),
(1811, 7, 5, 175),
(1812, 7, 2, 176),
(1813, 7, 4, 177),
(1814, 7, 3, 178),
(1816, 7, 6, 180),
(1817, 7, 6, 181),
(1818, 7, 3, 182),
(1819, 7, 6, 183),
(1820, 7, 3, 184),
(1821, 7, 6, 185),
(1822, 7, 5, 186),
(1823, 7, 3, 187),
(1824, 7, 2, 188),
(1825, 7, 5, 189),
(1826, 7, 2, 190),
(1827, 7, 5, 191),
(1828, 7, 4, 192),
(1829, 7, 5, 193),
(1830, 7, 5, 194),
(1831, 7, 2, 195),
(1832, 7, 2, 196),
(1833, 7, 4, 197),
(1834, 7, 6, 198),
(1835, 7, 3, 199),
(1836, 7, 3, 200),
(1837, 8, 6, 1),
(1838, 8, 5, 2),
(1839, 8, 4, 3),
(1840, 8, 4, 4),
(1841, 8, 5, 5),
(1842, 8, 3, 6),
(1843, 8, 3, 7),
(1844, 8, 4, 8),
(1845, 8, 3, 9),
(1846, 8, 4, 10),
(1847, 8, 3, 11),
(1848, 8, 4, 12),
(1849, 8, 3, 13),
(1850, 8, 2, 14),
(1851, 8, 3, 15),
(1852, 8, 4, 16),
(1853, 8, 2, 17),
(1854, 8, 6, 18),
(1855, 8, 3, 19),
(1856, 8, 5, 20),
(1857, 8, 6, 21),
(1858, 8, 1, 22),
(1859, 8, 3, 23),
(1860, 8, 5, 24),
(1861, 8, 5, 25),
(1862, 8, 6, 26),
(1863, 8, 4, 27),
(1864, 8, 2, 28),
(1865, 8, 3, 29),
(1866, 8, 3, 30),
(1867, 8, 4, 31),
(1868, 8, 2, 32),
(1869, 8, 3, 33),
(1870, 8, 3, 34),
(1871, 8, 2, 35),
(1872, 8, 4, 37),
(1873, 8, 5, 38),
(1874, 8, 5, 39),
(1875, 8, 5, 40),
(1876, 8, 6, 41),
(1877, 8, 5, 42),
(1878, 8, 4, 43),
(1879, 8, 6, 44),
(1880, 8, 3, 45),
(1881, 8, 5, 46),
(1882, 8, 2, 47),
(1883, 8, 5, 48),
(1884, 8, 6, 49),
(1885, 8, 4, 50),
(1886, 8, 5, 51),
(1887, 8, 3, 52),
(1888, 8, 6, 53),
(1889, 8, 3, 54),
(1890, 8, 5, 55),
(1891, 8, 5, 56),
(1892, 8, 5, 57),
(1893, 8, 6, 58),
(1894, 8, 3, 59),
(1895, 8, 2, 60),
(1896, 8, 4, 61),
(1897, 8, 4, 62),
(1898, 8, 4, 63),
(1899, 8, 6, 64),
(1900, 8, 4, 65),
(1901, 8, 6, 66),
(1902, 8, 4, 67),
(1903, 8, 3, 68),
(1904, 8, 3, 69),
(1905, 8, 4, 70),
(1906, 8, 5, 71),
(1907, 8, 4, 72),
(1908, 8, 2, 73),
(1909, 8, 4, 74),
(1910, 8, 5, 75),
(1911, 8, 1, 76),
(1912, 8, 6, 77),
(1913, 8, 2, 78),
(1914, 8, 4, 79),
(1915, 8, 3, 80),
(1916, 8, 3, 81),
(1917, 8, 3, 82),
(1918, 8, 3, 83),
(1919, 8, 2, 84),
(1920, 8, 6, 85),
(1921, 8, 2, 86),
(1922, 8, 3, 87),
(1923, 8, 5, 88),
(1924, 8, 2, 89),
(1925, 8, 3, 90),
(1926, 8, 6, 91),
(1927, 8, 3, 92),
(1928, 8, 5, 93),
(1929, 8, 5, 94),
(1930, 8, 4, 95),
(1931, 8, 6, 96),
(1932, 8, 5, 97),
(1933, 8, 4, 98),
(1934, 8, 4, 99),
(1935, 8, 3, 100),
(1936, 8, 4, 101),
(1937, 8, 3, 102),
(1938, 8, 4, 103),
(1939, 8, 2, 104),
(1940, 8, 6, 105),
(1941, 8, 2, 106),
(1942, 8, 6, 107),
(1943, 8, 3, 108),
(1944, 8, 4, 109),
(1945, 8, 4, 110),
(1946, 8, 4, 111),
(1947, 8, 6, 112),
(1948, 8, 3, 113),
(1949, 8, 6, 114),
(1950, 8, 6, 115),
(1951, 8, 4, 116),
(1952, 8, 5, 117),
(1953, 8, 2, 118),
(1954, 8, 5, 119),
(1955, 8, 4, 120),
(1956, 8, 5, 121),
(1957, 8, 6, 122),
(1958, 8, 3, 123),
(1959, 8, 2, 124),
(1960, 8, 3, 125),
(1961, 8, 4, 126),
(1962, 8, 4, 127),
(1963, 8, 6, 128),
(1964, 8, 5, 129),
(1965, 8, 5, 130),
(1966, 8, 3, 131),
(1967, 8, 4, 132),
(1968, 8, 3, 133),
(1969, 8, 3, 134),
(1970, 8, 5, 135),
(1971, 8, 5, 136),
(1972, 8, 3, 137),
(1973, 8, 5, 138),
(1974, 8, 4, 139),
(1975, 8, 2, 140),
(1976, 8, 5, 141),
(1977, 8, 1, 142),
(1978, 8, 4, 143),
(1979, 8, 5, 144),
(1980, 8, 5, 145),
(1981, 8, 5, 146),
(1982, 8, 6, 147),
(1983, 8, 6, 148),
(1984, 8, 5, 149),
(1985, 8, 5, 150),
(1986, 8, 5, 151),
(1987, 8, 3, 152),
(1988, 8, 6, 153),
(1989, 8, 3, 154),
(1990, 8, 7, 155),
(1991, 8, 6, 156),
(1992, 8, 5, 157),
(1993, 8, 3, 158),
(1994, 8, 5, 159),
(1995, 8, 2, 160),
(1996, 8, 2, 161),
(1997, 8, 4, 162),
(1998, 8, 5, 163),
(1999, 8, 2, 164),
(2000, 8, 6, 165),
(2001, 8, 3, 166),
(2002, 8, 6, 167),
(2003, 8, 3, 168),
(2004, 8, 6, 169),
(2005, 8, 4, 170),
(2006, 8, 3, 171),
(2007, 8, 6, 172),
(2008, 8, 3, 173),
(2009, 8, 5, 174),
(2010, 8, 1, 175),
(2011, 8, 2, 176),
(2012, 8, 4, 177),
(2013, 8, 5, 178),
(2015, 8, 5, 180),
(2016, 8, 6, 181),
(2017, 8, 6, 182),
(2018, 8, 4, 183),
(2019, 8, 3, 184),
(2020, 8, 6, 185),
(2021, 8, 1, 186),
(2022, 8, 3, 187),
(2023, 8, 2, 188),
(2024, 8, 3, 189),
(2025, 8, 2, 190),
(2026, 8, 4, 191),
(2027, 8, 6, 192),
(2028, 8, 3, 193),
(2029, 8, 5, 194),
(2030, 8, 2, 195),
(2031, 8, 2, 196),
(2032, 8, 5, 197),
(2033, 8, 5, 198),
(2035, 8, 3, 200),
(2036, 9, 2, 1),
(2037, 9, 3, 2),
(2038, 9, 3, 3),
(2039, 9, 6, 4),
(2040, 9, 5, 5),
(2041, 9, 6, 6),
(2042, 9, 3, 7),
(2043, 9, 4, 8),
(2044, 9, 3, 9),
(2045, 9, 4, 10),
(2046, 9, 3, 11),
(2047, 9, 2, 12),
(2048, 9, 3, 13),
(2049, 9, 4, 14),
(2050, 9, 3, 15),
(2051, 9, 4, 16),
(2052, 9, 5, 17),
(2053, 9, 6, 18),
(2054, 9, 3, 19),
(2055, 9, 5, 20),
(2056, 9, 6, 21),
(2057, 9, 6, 22),
(2058, 9, 5, 23),
(2059, 9, 3, 24),
(2060, 9, 5, 25),
(2061, 9, 3, 26),
(2062, 9, 5, 27),
(2063, 9, 2, 28),
(2064, 9, 3, 29),
(2065, 9, 6, 30),
(2066, 9, 5, 31),
(2067, 9, 4, 32),
(2068, 9, 3, 33),
(2069, 9, 6, 34),
(2070, 9, 5, 35),
(2071, 9, 4, 37),
(2072, 9, 5, 38),
(2073, 9, 4, 39),
(2074, 9, 2, 40),
(2075, 9, 4, 41),
(2076, 9, 5, 42),
(2077, 9, 4, 43),
(2078, 9, 3, 44),
(2079, 9, 5, 45),
(2080, 9, 3, 46),
(2081, 9, 2, 47),
(2082, 9, 5, 48),
(2083, 9, 4, 49),
(2084, 9, 4, 50),
(2085, 9, 5, 51),
(2086, 9, 4, 52),
(2087, 9, 3, 53),
(2088, 9, 3, 54),
(2089, 9, 6, 55),
(2090, 9, 5, 56),
(2091, 9, 5, 57),
(2092, 9, 3, 58),
(2093, 9, 3, 59),
(2094, 9, 2, 60),
(2095, 9, 2, 61),
(2096, 9, 4, 62),
(2097, 9, 4, 63),
(2098, 9, 2, 64),
(2099, 9, 4, 65),
(2100, 9, 4, 66),
(2101, 9, 2, 67),
(2102, 9, 3, 68),
(2103, 9, 3, 69),
(2104, 9, 4, 70),
(2105, 9, 3, 71),
(2106, 9, 4, 72),
(2107, 9, 5, 73),
(2108, 9, 2, 74),
(2109, 9, 3, 75),
(2110, 9, 1, 76),
(2111, 9, 2, 77),
(2112, 9, 6, 78),
(2113, 9, 4, 79),
(2114, 9, 3, 80),
(2115, 9, 3, 81),
(2116, 9, 4, 82),
(2117, 9, 6, 83),
(2118, 9, 6, 84),
(2119, 9, 3, 85),
(2120, 9, 4, 86),
(2121, 9, 5, 87),
(2122, 9, 4, 88),
(2123, 9, 5, 89),
(2124, 9, 5, 90),
(2125, 9, 3, 91),
(2126, 9, 4, 92),
(2127, 9, 5, 93),
(2128, 9, 4, 94),
(2129, 9, 3, 95),
(2130, 9, 6, 96),
(2131, 9, 5, 97),
(2132, 9, 5, 98),
(2133, 9, 5, 99),
(2134, 9, 1, 100),
(2135, 9, 5, 101),
(2136, 9, 5, 102),
(2137, 9, 4, 103),
(2138, 9, 2, 104),
(2139, 9, 4, 105),
(2140, 9, 7, 106),
(2141, 9, 3, 107),
(2142, 9, 3, 108),
(2143, 9, 4, 109),
(2144, 9, 5, 110),
(2145, 9, 4, 111),
(2146, 9, 6, 112),
(2147, 9, 3, 113),
(2148, 9, 3, 114),
(2149, 9, 6, 115),
(2150, 9, 3, 116),
(2151, 9, 5, 117),
(2152, 9, 2, 118),
(2153, 9, 5, 119),
(2154, 9, 5, 120),
(2155, 9, 5, 121),
(2156, 9, 6, 122),
(2157, 9, 5, 123),
(2158, 9, 2, 124),
(2159, 9, 4, 125),
(2160, 9, 4, 126),
(2161, 9, 5, 127),
(2162, 9, 6, 128),
(2163, 9, 5, 129),
(2164, 9, 6, 130),
(2165, 9, 3, 131),
(2166, 9, 6, 132),
(2167, 9, 4, 133),
(2168, 9, 4, 134),
(2169, 9, 2, 135),
(2170, 9, 5, 136),
(2171, 9, 6, 137),
(2172, 9, 5, 138),
(2173, 9, 4, 139),
(2174, 9, 5, 140),
(2175, 9, 5, 141),
(2176, 9, 3, 142),
(2177, 9, 6, 143),
(2178, 9, 5, 144),
(2179, 9, 5, 145),
(2180, 9, 1, 146),
(2181, 9, 4, 147),
(2182, 9, 4, 148),
(2183, 9, 5, 149),
(2184, 9, 5, 150),
(2185, 9, 5, 151),
(2186, 9, 3, 152),
(2187, 9, 4, 153),
(2188, 9, 3, 154),
(2189, 9, 1, 155),
(2190, 9, 4, 156),
(2191, 9, 7, 157),
(2192, 9, 5, 158),
(2193, 9, 5, 159),
(2194, 9, 6, 160),
(2195, 9, 2, 161),
(2196, 9, 4, 162),
(2197, 9, 4, 163),
(2198, 9, 5, 164),
(2199, 9, 3, 165),
(2200, 9, 3, 166),
(2201, 9, 2, 167),
(2202, 9, 3, 168),
(2203, 9, 3, 169),
(2204, 9, 3, 170),
(2205, 9, 6, 171),
(2206, 9, 4, 172),
(2207, 9, 2, 173),
(2208, 9, 5, 174),
(2209, 9, 1, 175),
(2210, 9, 2, 176),
(2211, 9, 6, 177),
(2212, 9, 3, 178),
(2213, 9, 1, 179),
(2214, 9, 3, 180),
(2215, 9, 6, 181),
(2216, 9, 3, 182),
(2217, 9, 2, 183),
(2218, 9, 3, 184),
(2219, 9, 6, 185),
(2220, 9, 3, 186),
(2221, 9, 3, 187),
(2222, 9, 6, 188),
(2223, 9, 5, 189),
(2224, 9, 6, 190),
(2225, 9, 1, 191),
(2226, 9, 6, 192),
(2227, 9, 5, 193),
(2228, 9, 4, 194),
(2229, 9, 6, 195),
(2230, 9, 2, 196),
(2231, 9, 2, 197),
(2232, 9, 5, 198),
(2233, 9, 5, 199),
(2234, 9, 3, 200),
(2235, 10, 6, 1),
(2236, 10, 6, 2),
(2237, 10, 3, 3),
(2238, 10, 6, 4),
(2239, 10, 4, 5),
(2240, 10, 3, 6),
(2241, 10, 3, 7),
(2242, 10, 4, 8),
(2243, 10, 4, 9),
(2244, 10, 4, 10),
(2245, 10, 5, 11),
(2246, 10, 2, 12),
(2247, 10, 3, 13),
(2248, 10, 4, 14),
(2249, 10, 6, 15),
(2250, 10, 4, 16),
(2251, 10, 4, 17),
(2252, 10, 2, 18),
(2253, 10, 5, 19),
(2254, 10, 5, 20),
(2255, 10, 6, 21),
(2256, 10, 5, 22),
(2257, 10, 4, 23),
(2258, 10, 3, 24),
(2259, 10, 5, 25),
(2260, 10, 2, 26),
(2261, 10, 5, 27),
(2262, 10, 2, 28),
(2263, 10, 3, 29),
(2264, 10, 4, 30),
(2265, 10, 5, 31),
(2266, 10, 6, 32),
(2267, 10, 3, 33),
(2268, 10, 3, 34),
(2269, 10, 5, 35),
(2270, 10, 3, 37),
(2271, 10, 5, 38),
(2272, 10, 5, 39),
(2273, 10, 2, 40),
(2274, 10, 4, 41),
(2275, 10, 3, 42),
(2276, 10, 4, 43),
(2277, 10, 6, 44),
(2278, 10, 4, 45),
(2279, 10, 3, 46),
(2280, 10, 2, 47),
(2281, 10, 3, 48),
(2282, 10, 6, 49),
(2283, 10, 4, 50),
(2284, 10, 4, 51),
(2285, 10, 4, 52),
(2286, 10, 6, 53),
(2287, 10, 3, 54),
(2288, 10, 5, 55),
(2289, 10, 5, 56),
(2290, 10, 5, 57),
(2291, 10, 6, 58),
(2292, 10, 5, 59),
(2293, 10, 2, 60),
(2294, 10, 4, 61),
(2295, 10, 4, 62),
(2296, 10, 5, 63),
(2297, 10, 2, 64),
(2298, 10, 4, 65),
(2299, 10, 6, 66),
(2300, 10, 5, 67),
(2301, 10, 6, 68),
(2302, 10, 6, 69),
(2303, 10, 5, 70),
(2304, 10, 3, 71),
(2305, 10, 4, 72),
(2306, 10, 2, 73),
(2307, 10, 6, 74),
(2308, 10, 3, 75),
(2309, 10, 1, 76),
(2310, 10, 2, 77),
(2311, 10, 5, 78),
(2312, 10, 3, 79),
(2313, 10, 6, 80),
(2314, 10, 3, 81),
(2315, 10, 6, 82),
(2316, 10, 6, 83),
(2317, 10, 3, 84),
(2318, 10, 6, 85),
(2319, 10, 4, 86),
(2320, 10, 3, 87),
(2321, 10, 5, 88),
(2322, 10, 5, 89),
(2323, 10, 5, 90),
(2324, 10, 6, 91),
(2325, 10, 3, 92),
(2326, 10, 3, 93),
(2327, 10, 4, 94),
(2328, 10, 4, 95),
(2329, 10, 2, 96),
(2330, 10, 5, 97),
(2331, 10, 5, 98),
(2332, 10, 5, 99),
(2333, 10, 1, 100),
(2334, 10, 5, 101),
(2335, 10, 3, 102),
(2336, 10, 4, 103),
(2337, 10, 6, 104),
(2338, 10, 4, 105),
(2339, 10, 7, 106),
(2340, 10, 6, 107),
(2341, 10, 3, 108),
(2342, 10, 3, 109),
(2343, 10, 5, 110),
(2344, 10, 2, 111),
(2345, 10, 6, 112),
(2346, 10, 4, 113),
(2347, 10, 4, 114),
(2348, 10, 4, 115),
(2349, 10, 3, 116),
(2350, 10, 3, 117),
(2351, 10, 2, 118),
(2352, 10, 4, 119),
(2353, 10, 4, 120),
(2354, 10, 4, 121),
(2355, 10, 4, 122),
(2356, 10, 3, 123),
(2357, 10, 2, 124),
(2358, 10, 4, 125),
(2359, 10, 6, 126),
(2360, 10, 4, 127),
(2361, 10, 6, 128),
(2362, 10, 6, 129),
(2363, 10, 5, 130),
(2364, 10, 5, 131),
(2365, 10, 4, 132),
(2366, 10, 3, 133),
(2367, 10, 4, 134),
(2368, 10, 2, 135),
(2369, 10, 3, 136),
(2370, 10, 3, 137),
(2371, 10, 3, 138),
(2372, 10, 4, 139),
(2373, 10, 5, 140),
(2374, 10, 2, 141),
(2375, 10, 1, 142),
(2376, 10, 4, 143),
(2377, 10, 3, 144),
(2378, 10, 3, 145),
(2379, 10, 5, 146),
(2380, 10, 6, 147),
(2381, 10, 6, 148),
(2382, 10, 5, 149),
(2383, 10, 2, 150),
(2384, 10, 6, 151),
(2385, 10, 6, 152),
(2386, 10, 4, 153),
(2387, 10, 5, 154),
(2388, 10, 1, 155),
(2389, 10, 2, 156),
(2390, 10, 7, 157),
(2391, 10, 5, 158),
(2392, 10, 2, 159),
(2393, 10, 2, 160),
(2394, 10, 6, 161),
(2395, 10, 6, 162),
(2396, 10, 4, 163),
(2397, 10, 5, 164),
(2398, 10, 6, 165),
(2399, 10, 3, 166),
(2400, 10, 6, 167),
(2401, 10, 4, 168),
(2402, 10, 6, 169),
(2403, 10, 4, 170),
(2404, 10, 3, 171),
(2405, 10, 3, 172),
(2406, 10, 6, 173),
(2407, 10, 3, 174),
(2409, 10, 2, 176),
(2410, 10, 4, 177),
(2411, 10, 3, 178),
(2412, 10, 1, 179),
(2413, 10, 5, 180),
(2414, 10, 3, 181),
(2415, 10, 6, 182),
(2416, 10, 2, 183),
(2417, 10, 3, 184),
(2418, 10, 6, 185),
(2419, 10, 1, 186),
(2420, 10, 3, 187),
(2421, 10, 6, 188),
(2422, 10, 5, 189),
(2423, 10, 6, 190),
(2424, 10, 1, 191),
(2425, 10, 4, 192),
(2426, 10, 4, 193),
(2427, 10, 4, 194),
(2428, 10, 6, 195),
(2429, 10, 2, 196),
(2430, 10, 4, 197),
(2431, 10, 5, 198),
(2433, 10, 3, 200);

-- --------------------------------------------------------

--
-- Структура таблицы `Users`
--

CREATE TABLE `Users` (
  `id` int NOT NULL,
  `first_name` varchar(255) DEFAULT NULL,
  `second_name` varchar(255) DEFAULT NULL,
  `last_name` varchar(255) DEFAULT NULL,
  `post_position` varchar(255) DEFAULT NULL,
  `company_id` int NOT NULL,
  `gender` int NOT NULL
) ENGINE=InnoDB DEFAULT CHARSET=utf8mb4 COLLATE=utf8mb4_0900_ai_ci;

--
-- Дамп данных таблицы `Users`
--

INSERT INTO `Users` (`id`, `first_name`, `second_name`, `last_name`, `post_position`, `company_id`, `gender`) VALUES
(5, 'test2', 'test2', 'test2', 'test2', 1, 1),
(6, 'test3', 'test3', 'test3', 'test3', 1, 2),
(7, 'test4', 'test4', 'test4', 'test4', 1, 1),
(8, 'test5', 'test5', 'test5', 'test5', 2, 2),
(9, 'test6', 'test6', 'test6', 'test6', 2, 2),
(10, 'test7', 'test7', 'test7', 'test7', 2, 1);

--
-- Индексы сохранённых таблиц
--

--
-- Индексы таблицы `Admins`
--
ALTER TABLE `Admins`
  ADD PRIMARY KEY (`id`);

--
-- Индексы таблицы `Answers`
--
ALTER TABLE `Answers`
  ADD PRIMARY KEY (`id`),
  ADD KEY `question_id` (`question_id`);

--
-- Индексы таблицы `Characteristics`
--
ALTER TABLE `Characteristics`
  ADD PRIMARY KEY (`id`);

--
-- Индексы таблицы `Companies`
--
ALTER TABLE `Companies`
  ADD PRIMARY KEY (`id`);

--
-- Индексы таблицы `Genders`
--
ALTER TABLE `Genders`
  ADD PRIMARY KEY (`id`);

--
-- Индексы таблицы `Questions`
--
ALTER TABLE `Questions`
  ADD PRIMARY KEY (`id`),
  ADD KEY `characteristic_id` (`characteristic_id`);

--
-- Индексы таблицы `UserAnswers`
--
ALTER TABLE `UserAnswers`
  ADD PRIMARY KEY (`id`),
  ADD KEY `user_id` (`user_id`),
  ADD KEY `answer_id` (`answer_id`),
  ADD KEY `question_id` (`question_id`);

--
-- Индексы таблицы `Users`
--
ALTER TABLE `Users`
  ADD PRIMARY KEY (`id`),
  ADD KEY `company_id` (`company_id`),
  ADD KEY `gender` (`gender`);

--
-- AUTO_INCREMENT для сохранённых таблиц
--

--
-- AUTO_INCREMENT для таблицы `Admins`
--
ALTER TABLE `Admins`
  MODIFY `id` int NOT NULL AUTO_INCREMENT, AUTO_INCREMENT=2;

--
-- AUTO_INCREMENT для таблицы `Answers`
--
ALTER TABLE `Answers`
  MODIFY `id` int NOT NULL AUTO_INCREMENT, AUTO_INCREMENT=601;

--
-- AUTO_INCREMENT для таблицы `Characteristics`
--
ALTER TABLE `Characteristics`
  MODIFY `id` int NOT NULL AUTO_INCREMENT, AUTO_INCREMENT=11;

--
-- AUTO_INCREMENT для таблицы `Companies`
--
ALTER TABLE `Companies`
  MODIFY `id` int NOT NULL AUTO_INCREMENT, AUTO_INCREMENT=3;

--
-- AUTO_INCREMENT для таблицы `Genders`
--
ALTER TABLE `Genders`
  MODIFY `id` int NOT NULL AUTO_INCREMENT, AUTO_INCREMENT=3;

--
-- AUTO_INCREMENT для таблицы `Questions`
--
ALTER TABLE `Questions`
  MODIFY `id` int NOT NULL AUTO_INCREMENT, AUTO_INCREMENT=201;

--
-- AUTO_INCREMENT для таблицы `UserAnswers`
--
ALTER TABLE `UserAnswers`
  MODIFY `id` int NOT NULL AUTO_INCREMENT, AUTO_INCREMENT=2434;

--
-- AUTO_INCREMENT для таблицы `Users`
--
ALTER TABLE `Users`
  MODIFY `id` int NOT NULL AUTO_INCREMENT, AUTO_INCREMENT=11;

--
-- Ограничения внешнего ключа сохраненных таблиц
--

--
-- Ограничения внешнего ключа таблицы `Answers`
--
ALTER TABLE `Answers`
  ADD CONSTRAINT `answers_ibfk_1` FOREIGN KEY (`question_id`) REFERENCES `Questions` (`id`);

--
-- Ограничения внешнего ключа таблицы `Questions`
--
ALTER TABLE `Questions`
  ADD CONSTRAINT `questions_ibfk_1` FOREIGN KEY (`characteristic_id`) REFERENCES `Characteristics` (`id`);

--
-- Ограничения внешнего ключа таблицы `UserAnswers`
--
ALTER TABLE `UserAnswers`
  ADD CONSTRAINT `useranswers_ibfk_1` FOREIGN KEY (`user_id`) REFERENCES `Users` (`id`),
  ADD CONSTRAINT `useranswers_ibfk_2` FOREIGN KEY (`answer_id`) REFERENCES `Answers` (`id`),
  ADD CONSTRAINT `useranswers_ibfk_3` FOREIGN KEY (`question_id`) REFERENCES `Questions` (`id`) ON DELETE RESTRICT ON UPDATE RESTRICT;

--
-- Ограничения внешнего ключа таблицы `Users`
--
ALTER TABLE `Users`
  ADD CONSTRAINT `users_ibfk_1` FOREIGN KEY (`company_id`) REFERENCES `Companies` (`id`),
  ADD CONSTRAINT `users_ibfk_2` FOREIGN KEY (`gender`) REFERENCES `Genders` (`id`) ON DELETE RESTRICT ON UPDATE RESTRICT;
COMMIT;

/*!40101 SET CHARACTER_SET_CLIENT=@OLD_CHARACTER_SET_CLIENT */;
/*!40101 SET CHARACTER_SET_RESULTS=@OLD_CHARACTER_SET_RESULTS */;
/*!40101 SET COLLATION_CONNECTION=@OLD_COLLATION_CONNECTION */;
